Rating;Salary (INR);Job Title;Year
3.57;891223;Junior Android Developer;2020
3.80;647456;Senior Android Developer;2021
4.71;1164231;Lead Android Developer;2023
3.93;739256;Junior Android Developer;2020
4.89;1129321;Lead Android Developer;2023
4.23;567890;Mid-Level Android Developer;2021
3.44;234567;Junior Android Developer;2020
3.96;789231;Mid-Level Android Developer;2021
4.50;900321;Senior Android Developer;2022
4.78;1187432;Lead Android Developer;2023
3.71;612345;Junior Android Developer;2020
3.35;432109;Intern Android Developer;2020
4.02;567890;Mid-Level Android Developer;2021
3.90;712345;Junior Android Developer;2020
4.12;820456;Mid-Level Android Developer;2021
3.75;672343;Junior Android Developer;2020
4.63;1054312;Senior Android Developer;2022
4.07;723454;Mid-Level Android Developer;2021
4.81;1190543;Lead Android Developer;2023
4.21;856543;Senior Android Developer;2022
3.66;423543;Junior Android Developer;2020
4.04;750324;Mid-Level Android Developer;2021
3.86;678432;Junior Android Developer;2020
4.37;943231;Senior Android Developer;2022
4.69;1145321;Lead Android Developer;2023
3.59;567876;Junior Android Developer;2020
4.25;834321;Senior Android Developer;2022
4.91;1154321;Lead Android Developer;2023
3.92;712344;Junior Android Developer;2020
3.88;689123;Junior Android Developer;2020
4.45;960324;Senior Android Developer;2022
4.32;893212;Senior Android Developer;2022
4.18;812345;Mid-Level Android Developer;2021
3.84;672456;Junior Android Developer;2020
4.54;1032121;Senior Android Developer;2022
4.65;1111234;Lead Android Developer;2023
3.76;645123;Junior Android Developer;2020
4.40;952143;Senior Android Developer;2022
4.75;1176543;Lead Android Developer;2023
4.03;723456;Mid-Level Android Developer;2021
3.67;523432;Junior Android Developer;2020
3.94;704321;Junior Android Developer;2020
4.14;832124;Senior Android Developer;2022
4.06;712354;Mid-Level Android Developer;2021
4.27;863452;Senior Android Developer;2022
4.83;1189234;Lead Android Developer;2023
4.10;784321;Mid-Level Android Developer;2021
3.79;635123;Junior Android Developer;2020
3.87;673432;Junior Android Developer;2020
4.34;920432;Senior Android Developer;2022
4.61;1123456;Lead Android Developer;2023
3.72;598432;Junior Android Developer;2020
4.19;843212;Senior Android Developer;2022
4.88;1198765;Lead Android Developer;2023
3.99;745678;Mid-Level Android Developer;2021
3.89;689345;Junior Android Developer;2020
4.38;940123;Senior Android Developer;2022
4.67;1137654;Lead Android Developer;2023
